{"saved_at": 1778267084.1279294, "rpm_tracker": {"llama-3.3-70b-versatile": [1778267051.5029294, 1778267084.1279294]}, "tpm_tracker": {"llama-3.3-70b-versatile": [[1778267051.5029294, 5022], [1778267084.1279294, 5065]]}, "cooldowns": {"groq:meta-llama/llama-4-scout-17b-16e-instruct": 1778267280.0339293}, "rpd_tracker": {"meta-llama/llama-4-scout-17b-16e-instruct": 10, "llama-3.3-70b-versatile": 2}, "rpd_date": "2026-05-08"}