{"saved_at": 1779152643.8389914, "rpm_tracker": {"gemini-2.5-flash-lite": [1779152643.8389914]}, "tpm_tracker": {"gemini-2.5-flash-lite": [[1779152643.8389914, 8867]]}, "cooldowns": {}, "rpd_tracker": {"gemini-2.5-flash-lite": 8}, "rpd_date": "2026-05-19"}