{"saved_at": 1778850329.133358, "rpm_tracker": {"gemini-2.5-flash-lite": [1778850289.461358, 1778850293.789358, 1778850297.617358, 1778850298.461358, 1778850301.102358, 1778850304.695358, 1778850308.180358, 1778850329.133358]}, "tpm_tracker": {"gemini-2.5-flash-lite": [[1778850289.461358, 7563], [1778850293.789358, 7651], [1778850297.617358, 7902], [1778850298.461358, 8000], [1778850301.102358, 8088], [1778850304.695358, 8189], [1778850308.180358, 8258], [1778850329.133358, 8538]]}, "cooldowns": {}, "rpd_tracker": {"gemini-2.5-flash-lite": 19, "gemini-2.5-flash": 14}, "rpd_date": "2026-05-15"}