{"saved_at": 1779115722.3881934, "rpm_tracker": {"gemini-2.5-flash-lite": [1779115663.0601933, 1779115667.0911934, 1779115678.0911934, 1779115680.6531935, 1779115683.9191933, 1779115702.9811933, 1779115712.0911934, 1779115722.3881934]}, "tpm_tracker": {"gemini-2.5-flash-lite": [[1779115663.0601933, 7799], [1779115667.0911934, 7897], [1779115678.0911934, 7985], [1779115680.6531935, 8089], [1779115683.9191933, 8152], [1779115702.9811933, 8216], [1779115712.0911934, 8280], [1779115722.3881934, 8415]]}, "cooldowns": {}, "rpd_tracker": {"gemini-2.5-flash-lite": 10}, "rpd_date": "2026-05-18"}