{"saved_at": 1779070068.5228846, "rpm_tracker": {"gemini-2.5-flash-lite": [1779070044.8978846, 1779070048.2108846, 1779070054.0388846, 1779070058.3358846, 1779070062.7728846, 1779070068.5228846]}, "tpm_tracker": {"gemini-2.5-flash-lite": [[1779070044.8978846, 7559], [1779070048.2108846, 7684], [1779070054.0388846, 7870], [1779070058.3358846, 7956], [1779070062.7728846, 8071], [1779070068.5228846, 8142]]}, "cooldowns": {}, "rpd_tracker": {"gemini-2.5-flash-lite": 6}, "rpd_date": "2026-05-18"}