{"saved_at": 1778179085.9866183, "rpm_tracker": {"gemini-2.5-flash-lite": [1778179045.3616183, 1778179045.3616183, 1778179045.3616183, 1778179045.3616183, 1778179045.3616183, 1778179045.3616183, 1778179045.3616183, 1778179045.3616183, 1778179045.3616183, 1778179045.3616183, 1778179045.3616183, 1778179045.3616183, 1778179045.3616183, 1778179045.3616183, 1778179045.3616183], "gemini-2.5-flash": [1778179045.7056184, 1778179045.7056184, 1778179045.7056184, 1778179045.7056184, 1778179045.7056184, 1778179045.7056184, 1778179045.7056184, 1778179045.7056184, 1778179045.7056184, 1778179045.7056184], "gemini-2.5-pro": [1778179046.2996182, 1778179046.2996182, 1778179046.2996182, 1778179046.2996182, 1778179046.2996182], "llama-3.1-8b-instant": [1778179056.2676182, 1778179056.2676182, 1778179056.2676182, 1778179056.2676182, 1778179056.2676182, 1778179056.2676182, 1778179056.2676182, 1778179056.2676182, 1778179056.2676182, 1778179056.2676182, 1778179056.2676182, 1778179056.2676182, 1778179056.2676182, 1778179056.2676182, 1778179056.2676182, 1778179056.2676182, 1778179056.2676182, 1778179056.2676182, 1778179056.2676182, 1778179056.2676182, 1778179056.2676182, 1778179056.2676182, 1778179056.2676182, 1778179056.2676182, 1778179056.2676182, 1778179056.2676182, 1778179056.2676182, 1778179056.2676182, 1778179056.2676182, 1778179047.0176182], "meta-llama/llama-4-scout-17b-16e-instruct": [1778179056.1746182, 1778179056.1746182, 1778179056.1746182, 1778179056.1746182, 1778179056.1746182, 1778179056.1746182, 1778179056.1746182, 1778179056.1746182, 1778179056.1746182, 1778179056.1746182, 1778179056.1746182, 1778179056.1746182, 1778179056.1746182, 1778179056.1746182, 1778179056.1746182, 1778179056.1746182, 1778179056.1746182, 1778179056.1746182, 1778179056.1746182, 1778179056.1746182, 1778179056.1746182, 1778179056.1746182, 1778179056.1746182, 1778179056.1746182, 1778179056.1746182, 1778179056.1746182, 1778179056.1746182, 1778179056.1746182, 1778179056.1746182, 1778179051.9246182], "llama-3.3-70b-versatile": [1778179056.3306184, 1778179056.3306184, 1778179056.3306184, 1778179056.3306184, 1778179056.3306184, 1778179056.3306184, 1778179056.3306184, 1778179056.3306184, 1778179056.3306184, 1778179056.3306184, 1778179056.3306184, 1778179056.3306184, 1778179056.3306184, 1778179056.3306184, 1778179056.3306184, 1778179056.3306184, 1778179056.3306184, 1778179056.3306184, 1778179056.3306184, 1778179056.3306184, 1778179056.3306184, 1778179056.3306184, 1778179056.3306184, 1778179056.3306184, 1778179056.3306184, 1778179056.3306184, 1778179056.3306184, 1778179056.3306184, 1778179056.3306184, 1778179056.3306184], "llama3.1-8b": [1778179056.6426182, 1778179058.0336182, 1778179059.3776183, 1778179062.5646183, 1778179063.9246182, 1778179065.4246182, 1778179066.7836182, 1778179068.1276183, 1778179071.4396183], "qwen-3-235b-a22b-instruct-2507": [1778179076.0176182, 1778179076.0176182, 1778179076.0176182, 1778179076.0176182, 1778179076.0176182, 1778179076.0176182, 1778179076.0176182, 1778179076.0176182, 1778179076.0176182, 1778179076.0176182, 1778179076.0176182, 1778179076.0176182, 1778179076.0176182, 1778179076.0176182, 1778179074.0496182], "Meta-Llama-3.3-70B-Instruct": [1778179085.9866183]}, "tpm_tracker": {"llama-3.1-8b-instant": [[1778179047.0176182, 3971]], "meta-llama/llama-4-scout-17b-16e-instruct": [[1778179051.9246182, 3406]], "llama3.1-8b": [[1778179056.6426182, 4981], [1778179058.0336182, 5409], [1778179059.3776183, 5850], [1778179062.5646183, 5919], [1778179063.9246182, 6339], [1778179065.4246182, 6759], [1778179066.7836182, 7179], [1778179068.1276183, 7612], [1778179071.4396183, 8136]], "qwen-3-235b-a22b-instruct-2507": [[1778179074.0496182, 8179]], "Meta-Llama-3.3-70B-Instruct": [[1778179085.9866183, 8836]]}, "cooldowns": {"gemini:gemini-2.5-flash-lite": 1778179105.3616183, "gemini:gemini-2.5-flash": 1778179105.7056184, "gemini:gemini-2.5-pro": 1778179106.2996182, "groq:meta-llama/llama-4-scout-17b-16e-instruct": 1778180266.1746182, "groq:llama-3.3-70b-versatile": 1778180067.3306184, "cerebras:qwen-3-235b-a22b-instruct-2507": 1778179133.0176182}, "rpd_tracker": {"llama-3.1-8b-instant": 1, "meta-llama/llama-4-scout-17b-16e-instruct": 1, "llama3.1-8b": 9, "qwen-3-235b-a22b-instruct-2507": 1, "Meta-Llama-3.3-70B-Instruct": 1}, "rpd_date": "2026-05-07"}