{"saved_at": 1778781685.40932, "rpm_tracker": {"gemini-2.5-flash-lite": [1778781628.1753201, 1778781636.22232, 1778781647.2373202, 1778781660.45632, 1778781668.22232, 1778781685.40932]}, "tpm_tracker": {"gemini-2.5-flash-lite": [[1778781628.1753201, 7405], [1778781636.22232, 7699], [1778781647.2373202, 7789], [1778781660.45632, 7900], [1778781668.22232, 8390], [1778781685.40932, 8916]]}, "cooldowns": {}, "rpd_tracker": {"gemini-2.5-flash-lite": 18}, "rpd_date": "2026-05-14"}