{"saved_at": 1778242142.2392566, "rpm_tracker": {"meta-llama/llama-4-scout-17b-16e-instruct": [1778242106.9582567, 1778242109.7552567, 1778242112.8802567, 1778242116.0992565, 1778242118.7862566, 1778242123.4272566, 1778242138.3952565, 1778242140.3952565, 1778242142.2392566]}, "tpm_tracker": {"meta-llama/llama-4-scout-17b-16e-instruct": [[1778242106.9582567, 3247], [1778242109.7552567, 3437], [1778242112.8802567, 3686], [1778242116.0992565, 3778], [1778242118.7862566, 4271], [1778242123.4272566, 4649], [1778242138.3952565, 4666], [1778242140.3952565, 5070], [1778242142.2392566, 6737]]}, "cooldowns": {}, "rpd_tracker": {"meta-llama/llama-4-scout-17b-16e-instruct": 9}, "rpd_date": "2026-05-08"}